"","V1","V2","V3"
"1",2000,0.01,88.2636655948553
"2",2000,0.03,88.1028938906752
"3",2000,0.1,88.1028938906752
"4",2000,0.3,88.5852090032154
"5",2000,1,88.1028938906752
"6",2000,3,88.1028938906752
"7",2000,10,87.9421221864952
"8",2000,30,89.2282958199357
"9",2000,100,88.1028938906752
"10",1990,0.01,86.9774919614148
"11",1990,0.03,87.9421221864952
"12",1990,0.1,88.9067524115756
"13",1990,0.3,88.2636655948553
"14",1990,1,88.2636655948553
"15",1990,3,88.2636655948553
"16",1990,10,88.1028938906752
"17",1990,30,88.9067524115756
"18",1990,100,88.4244372990354
"19",1980,0.01,88.7459807073955
"20",1980,0.03,88.5852090032154
"21",1980,0.1,88.4244372990354
"22",1980,0.3,88.2636655948553
"23",1980,1,88.7459807073955
"24",1980,3,87.459807073955
"25",1980,10,88.7459807073955
"26",1980,30,88.5852090032154
"27",1980,100,88.2636655948553
"28",1970,0.01,89.0675241157556
"29",1970,0.03,87.1382636655948
"30",1970,0.1,89.2282958199357
"31",1970,0.3,87.7813504823151
"32",1970,1,88.2636655948553
"33",1970,3,88.7459807073955
"34",1970,10,88.2636655948553
"35",1970,30,88.2636655948553
"36",1970,100,88.7459807073955
"37",1960,0.01,88.7459807073955
"38",1960,0.03,88.1028938906752
"39",1960,0.1,89.0675241157556
"40",1960,0.3,89.2282958199357
"41",1960,1,89.7106109324759
"42",1960,3,88.1028938906752
"43",1960,10,88.9067524115756
"44",1960,30,87.7813504823151
"45",1960,100,87.7813504823151
"46",1950,0.01,88.5852090032154
"47",1950,0.03,87.9421221864952
"48",1950,0.1,87.9421221864952
"49",1950,0.3,88.5852090032154
"50",1950,1,87.9421221864952
"51",1950,3,87.6205787781351
"52",1950,10,89.7106109324759
"53",1950,30,88.1028938906752
"54",1950,100,88.4244372990354
"55",1940,0.01,88.9067524115756
"56",1940,0.03,88.7459807073955
"57",1940,0.1,88.4244372990354
"58",1940,0.3,88.5852090032154
"59",1940,1,88.4244372990354
"60",1940,3,89.3890675241158
"61",1940,10,88.2636655948553
"62",1940,30,88.4244372990354
"63",1940,100,89.0675241157556
"64",1930,0.01,87.7813504823151
"65",1930,0.03,87.459807073955
"66",1930,0.1,88.7459807073955
"67",1930,0.3,89.0675241157556
"68",1930,1,88.2636655948553
"69",1930,3,89.871382636656
"70",1930,10,88.9067524115756
"71",1930,30,88.1028938906752
"72",1930,100,88.2636655948553
"73",1920,0.01,88.5852090032154
"74",1920,0.03,88.7459807073955
"75",1920,0.1,88.7459807073955
"76",1920,0.3,88.7459807073955
"77",1920,1,88.4244372990354
"78",1920,3,88.5852090032154
"79",1920,10,88.2636655948553
"80",1920,30,88.1028938906752
"81",1920,100,88.4244372990354
"82",1910,0.01,88.7459807073955
"83",1910,0.03,88.2636655948553
"84",1910,0.1,87.7813504823151
"85",1910,0.3,88.1028938906752
"86",1910,1,88.4244372990354
"87",1910,3,88.7459807073955
"88",1910,10,89.0675241157556
"89",1910,30,88.4244372990354
"90",1910,100,88.2636655948553
"91",1900,0.01,88.4244372990354
"92",1900,0.03,87.2990353697749
"93",1900,0.1,89.0675241157556
"94",1900,0.3,87.7813504823151
"95",1900,1,87.6205787781351
"96",1900,3,88.1028938906752
"97",1900,10,88.1028938906752
"98",1900,30,87.6205787781351
"99",1900,100,89.0675241157556
"100",1890,0.01,87.2990353697749
"101",1890,0.03,88.9067524115756
"102",1890,0.1,87.6205787781351
"103",1890,0.3,87.7813504823151
"104",1890,1,87.9421221864952
"105",1890,3,88.4244372990354
"106",1890,10,88.2636655948553
"107",1890,30,88.7459807073955
"108",1890,100,89.2282958199357
"109",1880,0.01,88.5852090032154
"110",1880,0.03,87.6205787781351
"111",1880,0.1,88.9067524115756
"112",1880,0.3,88.7459807073955
"113",1880,1,88.5852090032154
"114",1880,3,87.9421221864952
"115",1880,10,88.1028938906752
"116",1880,30,88.5852090032154
"117",1880,100,87.9421221864952
"118",1870,0.01,88.4244372990354
"119",1870,0.03,87.9421221864952
"120",1870,0.1,88.4244372990354
"121",1870,0.3,88.5852090032154
"122",1870,1,88.2636655948553
"123",1870,3,88.5852090032154
"124",1870,10,88.2636655948553
"125",1870,30,87.9421221864952
"126",1870,100,87.6205787781351
"127",1860,0.01,87.7813504823151
"128",1860,0.03,88.4244372990354
"129",1860,0.1,89.2282958199357
"130",1860,0.3,88.7459807073955
"131",1860,1,88.2636655948553
"132",1860,3,88.1028938906752
"133",1860,10,88.2636655948553
"134",1860,30,88.7459807073955
"135",1860,100,88.4244372990354
"136",1850,0.01,88.2636655948553
"137",1850,0.03,89.0675241157556
"138",1850,0.1,89.3890675241158
"139",1850,0.3,88.9067524115756
"140",1850,1,88.1028938906752
"141",1850,3,88.4244372990354
"142",1850,10,87.9421221864952
"143",1850,30,89.871382636656
"144",1850,100,88.4244372990354
"145",1840,0.01,89.5498392282958
"146",1840,0.03,87.9421221864952
"147",1840,0.1,88.2636655948553
"148",1840,0.3,88.2636655948553
"149",1840,1,89.0675241157556
"150",1840,3,88.7459807073955
"151",1840,10,89.7106109324759
"152",1840,30,88.4244372990354
"153",1840,100,89.0675241157556
"154",1830,0.01,88.7459807073955
"155",1830,0.03,88.4244372990354
"156",1830,0.1,88.5852090032154
"157",1830,0.3,87.6205787781351
"158",1830,1,88.2636655948553
"159",1830,3,89.2282958199357
"160",1830,10,88.5852090032154
"161",1830,30,88.9067524115756
"162",1830,100,87.9421221864952
"163",1820,0.01,89.0675241157556
"164",1820,0.03,89.5498392282958
"165",1820,0.1,88.4244372990354
"166",1820,0.3,88.2636655948553
"167",1820,1,89.0675241157556
"168",1820,3,89.2282958199357
"169",1820,10,88.4244372990354
"170",1820,30,88.4244372990354
"171",1820,100,88.4244372990354
"172",1810,0.01,88.9067524115756
"173",1810,0.03,87.459807073955
"174",1810,0.1,88.9067524115756
"175",1810,0.3,89.2282958199357
"176",1810,1,89.3890675241158
"177",1810,3,88.2636655948553
"178",1810,10,88.4244372990354
"179",1810,30,88.9067524115756
"180",1810,100,89.3890675241158
"181",1800,0.01,87.7813504823151
"182",1800,0.03,88.7459807073955
"183",1800,0.1,88.7459807073955
"184",1800,0.3,88.9067524115756
"185",1800,1,88.4244372990354
"186",1800,3,88.5852090032154
"187",1800,10,88.9067524115756
"188",1800,30,89.3890675241158
"189",1800,100,87.459807073955
"190",1790,0.01,88.4244372990354
"191",1790,0.03,88.2636655948553
"192",1790,0.1,88.4244372990354
"193",1790,0.3,89.2282958199357
"194",1790,1,89.3890675241158
"195",1790,3,87.7813504823151
"196",1790,10,87.7813504823151
"197",1790,30,87.459807073955
"198",1790,100,88.4244372990354
"199",1780,0.01,88.1028938906752
"200",1780,0.03,88.5852090032154
"201",1780,0.1,88.4244372990354
"202",1780,0.3,89.2282958199357
"203",1780,1,87.6205787781351
"204",1780,3,89.0675241157556
"205",1780,10,88.9067524115756
"206",1780,30,88.9067524115756
"207",1780,100,87.7813504823151
"208",1770,0.01,88.9067524115756
"209",1770,0.03,88.9067524115756
"210",1770,0.1,88.4244372990354
"211",1770,0.3,88.7459807073955
"212",1770,1,88.9067524115756
"213",1770,3,87.6205787781351
"214",1770,10,89.3890675241158
"215",1770,30,89.0675241157556
"216",1770,100,89.0675241157556
"217",1760,0.01,89.3890675241158
"218",1760,0.03,87.7813504823151
"219",1760,0.1,87.7813504823151
"220",1760,0.3,88.4244372990354
"221",1760,1,88.7459807073955
"222",1760,3,89.0675241157556
"223",1760,10,87.7813504823151
"224",1760,30,88.2636655948553
"225",1760,100,88.9067524115756
"226",1750,0.01,88.7459807073955
"227",1750,0.03,89.3890675241158
"228",1750,0.1,88.9067524115756
"229",1750,0.3,88.9067524115756
"230",1750,1,88.5852090032154
"231",1750,3,88.4244372990354
"232",1750,10,87.9421221864952
"233",1750,30,88.4244372990354
"234",1750,100,89.5498392282958
"235",1740,0.01,88.4244372990354
"236",1740,0.03,89.2282958199357
"237",1740,0.1,88.9067524115756
"238",1740,0.3,88.7459807073955
"239",1740,1,89.0675241157556
"240",1740,3,88.9067524115756
"241",1740,10,88.4244372990354
"242",1740,30,89.5498392282958
"243",1740,100,89.3890675241158
"244",1730,0.01,88.5852090032154
"245",1730,0.03,88.2636655948553
"246",1730,0.1,89.0675241157556
"247",1730,0.3,88.4244372990354
"248",1730,1,88.4244372990354
"249",1730,3,88.1028938906752
"250",1730,10,88.5852090032154
"251",1730,30,88.1028938906752
"252",1730,100,88.5852090032154
"253",1720,0.01,89.5498392282958
"254",1720,0.03,88.5852090032154
"255",1720,0.1,88.2636655948553
"256",1720,0.3,88.5852090032154
"257",1720,1,89.2282958199357
"258",1720,3,88.1028938906752
"259",1720,10,88.4244372990354
"260",1720,30,89.7106109324759
"261",1720,100,89.871382636656
"262",1710,0.01,88.7459807073955
"263",1710,0.03,88.5852090032154
"264",1710,0.1,88.7459807073955
"265",1710,0.3,87.6205787781351
"266",1710,1,88.5852090032154
"267",1710,3,89.5498392282958
"268",1710,10,88.1028938906752
"269",1710,30,89.3890675241158
"270",1710,100,88.7459807073955
"271",1700,0.01,88.5852090032154
"272",1700,0.03,88.9067524115756
"273",1700,0.1,89.2282958199357
"274",1700,0.3,88.4244372990354
"275",1700,1,87.7813504823151
"276",1700,3,88.7459807073955
"277",1700,10,89.0675241157556
"278",1700,30,87.9421221864952
"279",1700,100,89.2282958199357
"280",1690,0.01,88.5852090032154
"281",1690,0.03,88.4244372990354
"282",1690,0.1,88.4244372990354
"283",1690,0.3,89.5498392282958
"284",1690,1,87.9421221864952
"285",1690,3,87.7813504823151
"286",1690,10,88.2636655948553
"287",1690,30,88.7459807073955
"288",1690,100,88.9067524115756
"289",1680,0.01,88.2636655948553
"290",1680,0.03,87.6205787781351
"291",1680,0.1,87.9421221864952
"292",1680,0.3,88.4244372990354
"293",1680,1,88.7459807073955
"294",1680,3,88.4244372990354
"295",1680,10,88.2636655948553
"296",1680,30,88.5852090032154
"297",1680,100,89.3890675241158
"298",1670,0.01,89.0675241157556
"299",1670,0.03,88.2636655948553
"300",1670,0.1,87.7813504823151
"301",1670,0.3,89.0675241157556
"302",1670,1,89.5498392282958
"303",1670,3,88.7459807073955
"304",1670,10,88.7459807073955
"305",1670,30,88.7459807073955
"306",1670,100,89.0675241157556
"307",1660,0.01,88.4244372990354
"308",1660,0.03,88.4244372990354
"309",1660,0.1,88.7459807073955
"310",1660,0.3,88.7459807073955
"311",1660,1,88.7459807073955
"312",1660,3,87.9421221864952
"313",1660,10,89.2282958199357
"314",1660,30,88.2636655948553
"315",1660,100,88.2636655948553
"316",1650,0.01,88.1028938906752
"317",1650,0.03,89.0675241157556
"318",1650,0.1,87.2990353697749
"319",1650,0.3,88.7459807073955
"320",1650,1,89.0675241157556
"321",1650,3,87.7813504823151
"322",1650,10,87.9421221864952
"323",1650,30,88.2636655948553
"324",1650,100,89.3890675241158
"325",1640,0.01,87.459807073955
"326",1640,0.03,87.7813504823151
"327",1640,0.1,87.6205787781351
"328",1640,0.3,88.4244372990354
"329",1640,1,88.2636655948553
"330",1640,3,88.5852090032154
"331",1640,10,88.1028938906752
"332",1640,30,88.2636655948553
"333",1640,100,88.5852090032154
"334",1630,0.01,88.5852090032154
"335",1630,0.03,88.4244372990354
"336",1630,0.1,87.6205787781351
"337",1630,0.3,87.9421221864952
"338",1630,1,87.6205787781351
"339",1630,3,87.459807073955
"340",1630,10,88.4244372990354
"341",1630,30,87.9421221864952
"342",1630,100,88.5852090032154
"343",1620,0.01,87.9421221864952
"344",1620,0.03,89.0675241157556
"345",1620,0.1,88.1028938906752
"346",1620,0.3,88.7459807073955
"347",1620,1,88.4244372990354
"348",1620,3,88.2636655948553
"349",1620,10,88.4244372990354
"350",1620,30,88.1028938906752
"351",1620,100,88.4244372990354
"352",1610,0.01,88.5852090032154
"353",1610,0.03,88.7459807073955
"354",1610,0.1,88.1028938906752
"355",1610,0.3,88.4244372990354
"356",1610,1,87.1382636655948
"357",1610,3,89.0675241157556
"358",1610,10,88.4244372990354
"359",1610,30,88.7459807073955
"360",1610,100,89.2282958199357
"361",1600,0.01,87.7813504823151
"362",1600,0.03,87.2990353697749
"363",1600,0.1,88.5852090032154
"364",1600,0.3,88.4244372990354
"365",1600,1,87.9421221864952
"366",1600,3,88.1028938906752
"367",1600,10,88.7459807073955
"368",1600,30,88.9067524115756
"369",1600,100,87.9421221864952
"370",1590,0.01,88.2636655948553
"371",1590,0.03,87.9421221864952
"372",1590,0.1,88.9067524115756
"373",1590,0.3,88.7459807073955
"374",1590,1,88.9067524115756
"375",1590,3,88.9067524115756
"376",1590,10,88.7459807073955
"377",1590,30,89.0675241157556
"378",1590,100,88.4244372990354
"379",1580,0.01,86.9774919614148
"380",1580,0.03,88.1028938906752
"381",1580,0.1,88.5852090032154
"382",1580,0.3,88.7459807073955
"383",1580,1,87.9421221864952
"384",1580,3,87.7813504823151
"385",1580,10,86.8167202572347
"386",1580,30,87.459807073955
"387",1580,100,88.4244372990354
"388",1570,0.01,87.9421221864952
"389",1570,0.03,89.0675241157556
"390",1570,0.1,89.0675241157556
"391",1570,0.3,87.7813504823151
"392",1570,1,88.5852090032154
"393",1570,3,88.2636655948553
"394",1570,10,87.2990353697749
"395",1570,30,89.0675241157556
"396",1570,100,87.9421221864952
"397",1560,0.01,88.5852090032154
"398",1560,0.03,87.459807073955
"399",1560,0.1,88.4244372990354
"400",1560,0.3,89.2282958199357
"401",1560,1,87.7813504823151
"402",1560,3,87.9421221864952
"403",1560,10,87.459807073955
"404",1560,30,88.1028938906752
"405",1560,100,87.9421221864952
"406",1550,0.01,87.9421221864952
"407",1550,0.03,88.5852090032154
"408",1550,0.1,87.6205787781351
"409",1550,0.3,88.2636655948553
"410",1550,1,89.0675241157556
"411",1550,3,88.4244372990354
"412",1550,10,87.9421221864952
"413",1550,30,88.9067524115756
"414",1550,100,88.2636655948553
"415",1540,0.01,87.9421221864952
"416",1540,0.03,87.9421221864952
"417",1540,0.1,88.7459807073955
"418",1540,0.3,88.5852090032154
"419",1540,1,87.7813504823151
"420",1540,3,88.7459807073955
"421",1540,10,87.9421221864952
"422",1540,30,88.5852090032154
"423",1540,100,89.3890675241158
"424",1530,0.01,89.0675241157556
"425",1530,0.03,88.2636655948553
"426",1530,0.1,88.5852090032154
"427",1530,0.3,87.459807073955
"428",1530,1,88.2636655948553
"429",1530,3,87.2990353697749
"430",1530,10,88.5852090032154
"431",1530,30,87.459807073955
"432",1530,100,87.7813504823151
"433",1520,0.01,88.4244372990354
"434",1520,0.03,87.6205787781351
"435",1520,0.1,88.7459807073955
"436",1520,0.3,88.2636655948553
"437",1520,1,87.2990353697749
"438",1520,3,88.2636655948553
"439",1520,10,87.459807073955
"440",1520,30,87.6205787781351
"441",1520,100,88.2636655948553
"442",1510,0.01,88.7459807073955
"443",1510,0.03,87.9421221864952
"444",1510,0.1,88.4244372990354
"445",1510,0.3,88.1028938906752
"446",1510,1,88.1028938906752
"447",1510,3,87.7813504823151
"448",1510,10,88.9067524115756
"449",1510,30,87.9421221864952
"450",1510,100,88.2636655948553
"451",1500,0.01,87.6205787781351
"452",1500,0.03,86.9774919614148
"453",1500,0.1,88.1028938906752
"454",1500,0.3,88.4244372990354
"455",1500,1,88.1028938906752
"456",1500,3,88.5852090032154
"457",1500,10,87.459807073955
"458",1500,30,88.2636655948553
"459",1500,100,87.9421221864952
"460",1490,0.01,87.7813504823151
"461",1490,0.03,87.459807073955
"462",1490,0.1,88.2636655948553
"463",1490,0.3,87.2990353697749
"464",1490,1,87.9421221864952
"465",1490,3,87.459807073955
"466",1490,10,87.9421221864952
"467",1490,30,87.6205787781351
"468",1490,100,87.7813504823151
"469",1480,0.01,88.1028938906752
"470",1480,0.03,88.9067524115756
"471",1480,0.1,87.6205787781351
"472",1480,0.3,87.9421221864952
"473",1480,1,86.6559485530547
"474",1480,3,88.1028938906752
"475",1480,10,88.2636655948553
"476",1480,30,88.2636655948553
"477",1480,100,89.2282958199357
"478",1470,0.01,88.4244372990354
"479",1470,0.03,88.4244372990354
"480",1470,0.1,88.5852090032154
"481",1470,0.3,87.6205787781351
"482",1470,1,88.4244372990354
"483",1470,3,88.2636655948553
"484",1470,10,88.1028938906752
"485",1470,30,87.459807073955
"486",1470,100,89.5498392282958
"487",1460,0.01,88.1028938906752
"488",1460,0.03,87.9421221864952
"489",1460,0.1,88.2636655948553
"490",1460,0.3,87.9421221864952
"491",1460,1,89.2282958199357
"492",1460,3,88.2636655948553
"493",1460,10,88.9067524115756
"494",1460,30,88.1028938906752
"495",1460,100,87.9421221864952
"496",1450,0.01,88.9067524115756
"497",1450,0.03,87.9421221864952
"498",1450,0.1,87.7813504823151
"499",1450,0.3,88.1028938906752
"500",1450,1,87.6205787781351
"501",1450,3,87.2990353697749
"502",1450,10,87.459807073955
"503",1450,30,88.9067524115756
"504",1450,100,88.7459807073955
"505",1440,0.01,88.4244372990354
"506",1440,0.03,87.459807073955
"507",1440,0.1,87.459807073955
"508",1440,0.3,88.1028938906752
"509",1440,1,88.7459807073955
"510",1440,3,88.2636655948553
"511",1440,10,87.2990353697749
"512",1440,30,88.1028938906752
"513",1440,100,88.7459807073955
"514",1430,0.01,88.5852090032154
"515",1430,0.03,87.7813504823151
"516",1430,0.1,88.2636655948553
"517",1430,0.3,87.2990353697749
"518",1430,1,88.1028938906752
"519",1430,3,88.4244372990354
"520",1430,10,87.9421221864952
"521",1430,30,87.459807073955
"522",1430,100,88.2636655948553
"523",1420,0.01,89.3890675241158
"524",1420,0.03,89.0675241157556
"525",1420,0.1,87.9421221864952
"526",1420,0.3,87.459807073955
"527",1420,1,87.9421221864952
"528",1420,3,88.7459807073955
"529",1420,10,88.4244372990354
"530",1420,30,87.7813504823151
"531",1420,100,88.2636655948553
"532",1410,0.01,87.6205787781351
"533",1410,0.03,88.4244372990354
"534",1410,0.1,88.7459807073955
"535",1410,0.3,87.7813504823151
"536",1410,1,88.9067524115756
"537",1410,3,88.1028938906752
"538",1410,10,88.2636655948553
"539",1410,30,89.2282958199357
"540",1410,100,88.4244372990354
"541",1400,0.01,88.9067524115756
"542",1400,0.03,89.3890675241158
"543",1400,0.1,88.5852090032154
"544",1400,0.3,88.1028938906752
"545",1400,1,88.4244372990354
"546",1400,3,88.9067524115756
"547",1400,10,88.5852090032154
"548",1400,30,87.7813504823151
"549",1400,100,88.5852090032154
"550",1390,0.01,87.9421221864952
"551",1390,0.03,88.2636655948553
"552",1390,0.1,87.6205787781351
"553",1390,0.3,88.5852090032154
"554",1390,1,89.0675241157556
"555",1390,3,87.6205787781351
"556",1390,10,89.0675241157556
"557",1390,30,88.7459807073955
"558",1390,100,88.2636655948553
"559",1380,0.01,87.1382636655948
"560",1380,0.03,88.1028938906752
"561",1380,0.1,88.7459807073955
"562",1380,0.3,87.9421221864952
"563",1380,1,87.7813504823151
"564",1380,3,88.7459807073955
"565",1380,10,87.6205787781351
"566",1380,30,88.7459807073955
"567",1380,100,88.1028938906752
"568",1370,0.01,88.2636655948553
"569",1370,0.03,88.9067524115756
"570",1370,0.1,87.459807073955
"571",1370,0.3,87.7813504823151
"572",1370,1,88.7459807073955
"573",1370,3,88.4244372990354
"574",1370,10,88.2636655948553
"575",1370,30,88.4244372990354
"576",1370,100,87.2990353697749
"577",1360,0.01,87.7813504823151
"578",1360,0.03,89.2282958199357
"579",1360,0.1,89.5498392282958
"580",1360,0.3,89.0675241157556
"581",1360,1,88.5852090032154
"582",1360,3,88.2636655948553
"583",1360,10,87.9421221864952
"584",1360,30,88.5852090032154
"585",1360,100,88.2636655948553
"586",1350,0.01,88.1028938906752
"587",1350,0.03,89.0675241157556
"588",1350,0.1,89.2282958199357
"589",1350,0.3,88.2636655948553
"590",1350,1,88.7459807073955
"591",1350,3,87.6205787781351
"592",1350,10,88.5852090032154
"593",1350,30,88.9067524115756
"594",1350,100,87.9421221864952
"595",1340,0.01,88.1028938906752
"596",1340,0.03,88.2636655948553
"597",1340,0.1,87.9421221864952
"598",1340,0.3,88.1028938906752
"599",1340,1,87.7813504823151
"600",1340,3,87.459807073955
"601",1340,10,88.4244372990354
"602",1340,30,87.2990353697749
"603",1340,100,88.4244372990354
"604",1330,0.01,88.1028938906752
"605",1330,0.03,88.2636655948553
"606",1330,0.1,87.9421221864952
"607",1330,0.3,88.5852090032154
"608",1330,1,88.5852090032154
"609",1330,3,88.2636655948553
"610",1330,10,88.7459807073955
"611",1330,30,87.6205787781351
"612",1330,100,87.459807073955
"613",1320,0.01,87.6205787781351
"614",1320,0.03,88.4244372990354
"615",1320,0.1,88.4244372990354
"616",1320,0.3,89.2282958199357
"617",1320,1,87.7813504823151
"618",1320,3,88.9067524115756
"619",1320,10,88.5852090032154
"620",1320,30,88.2636655948553
"621",1320,100,88.4244372990354
"622",1310,0.01,88.2636655948553
"623",1310,0.03,88.2636655948553
"624",1310,0.1,87.9421221864952
"625",1310,0.3,87.1382636655948
"626",1310,1,88.4244372990354
"627",1310,3,87.459807073955
"628",1310,10,87.7813504823151
"629",1310,30,87.7813504823151
"630",1310,100,87.6205787781351
"631",1300,0.01,88.1028938906752
"632",1300,0.03,88.2636655948553
"633",1300,0.1,88.2636655948553
"634",1300,0.3,88.4244372990354
"635",1300,1,88.4244372990354
"636",1300,3,88.4244372990354
"637",1300,10,88.2636655948553
"638",1300,30,87.1382636655948
"639",1300,100,88.2636655948553
"640",1290,0.01,88.1028938906752
"641",1290,0.03,88.2636655948553
"642",1290,0.1,86.8167202572347
"643",1290,0.3,88.9067524115756
"644",1290,1,88.2636655948553
"645",1290,3,88.1028938906752
"646",1290,10,86.9774919614148
"647",1290,30,87.459807073955
"648",1290,100,86.9774919614148
"649",1280,0.01,89.2282958199357
"650",1280,0.03,88.9067524115756
"651",1280,0.1,88.2636655948553
"652",1280,0.3,87.7813504823151
"653",1280,1,88.5852090032154
"654",1280,3,87.6205787781351
"655",1280,10,89.3890675241158
"656",1280,30,88.5852090032154
"657",1280,100,88.7459807073955
"658",1270,0.01,89.2282958199357
"659",1270,0.03,88.1028938906752
"660",1270,0.1,87.6205787781351
"661",1270,0.3,88.2636655948553
"662",1270,1,87.7813504823151
"663",1270,3,88.9067524115756
"664",1270,10,88.7459807073955
"665",1270,30,89.2282958199357
"666",1270,100,87.6205787781351
"667",1260,0.01,88.2636655948553
"668",1260,0.03,88.2636655948553
"669",1260,0.1,87.9421221864952
"670",1260,0.3,89.5498392282958
"671",1260,1,87.6205787781351
"672",1260,3,88.2636655948553
"673",1260,10,87.9421221864952
"674",1260,30,88.4244372990354
"675",1260,100,88.2636655948553
"676",1250,0.01,87.9421221864952
"677",1250,0.03,89.0675241157556
"678",1250,0.1,88.9067524115756
"679",1250,0.3,88.5852090032154
"680",1250,1,88.5852090032154
"681",1250,3,89.3890675241158
"682",1250,10,88.7459807073955
"683",1250,30,88.2636655948553
"684",1250,100,87.9421221864952
"685",1240,0.01,89.3890675241158
"686",1240,0.03,88.2636655948553
"687",1240,0.1,88.5852090032154
"688",1240,0.3,89.0675241157556
"689",1240,1,87.6205787781351
"690",1240,3,87.1382636655948
"691",1240,10,89.3890675241158
"692",1240,30,88.7459807073955
"693",1240,100,88.2636655948553
"694",1230,0.01,89.871382636656
"695",1230,0.03,87.9421221864952
"696",1230,0.1,87.9421221864952
"697",1230,0.3,87.6205787781351
"698",1230,1,88.5852090032154
"699",1230,3,88.5852090032154
"700",1230,10,88.2636655948553
"701",1230,30,88.5852090032154
"702",1230,100,88.4244372990354
"703",1220,0.01,88.5852090032154
"704",1220,0.03,88.7459807073955
"705",1220,0.1,88.9067524115756
"706",1220,0.3,88.9067524115756
"707",1220,1,88.4244372990354
"708",1220,3,87.7813504823151
"709",1220,10,88.7459807073955
"710",1220,30,88.2636655948553
"711",1220,100,88.2636655948553
"712",1210,0.01,88.4244372990354
"713",1210,0.03,88.2636655948553
"714",1210,0.1,87.9421221864952
"715",1210,0.3,88.2636655948553
"716",1210,1,89.2282958199357
"717",1210,3,87.7813504823151
"718",1210,10,88.5852090032154
"719",1210,30,88.7459807073955
"720",1210,100,87.9421221864952
"721",1200,0.01,88.7459807073955
"722",1200,0.03,89.3890675241158
"723",1200,0.1,88.9067524115756
"724",1200,0.3,88.2636655948553
"725",1200,1,88.1028938906752
"726",1200,3,87.7813504823151
"727",1200,10,88.7459807073955
"728",1200,30,88.1028938906752
"729",1200,100,87.459807073955
"730",1190,0.01,88.2636655948553
"731",1190,0.03,88.2636655948553
"732",1190,0.1,87.7813504823151
"733",1190,0.3,88.1028938906752
"734",1190,1,89.0675241157556
"735",1190,3,87.9421221864952
"736",1190,10,88.4244372990354
"737",1190,30,87.9421221864952
"738",1190,100,87.6205787781351
"739",1180,0.01,87.7813504823151
"740",1180,0.03,88.5852090032154
"741",1180,0.1,88.1028938906752
"742",1180,0.3,87.459807073955
"743",1180,1,88.1028938906752
"744",1180,3,88.2636655948553
"745",1180,10,87.7813504823151
"746",1180,30,87.9421221864952
"747",1180,100,87.6205787781351
"748",1170,0.01,88.2636655948553
"749",1170,0.03,88.1028938906752
"750",1170,0.1,88.1028938906752
"751",1170,0.3,88.5852090032154
"752",1170,1,88.2636655948553
"753",1170,3,88.4244372990354
"754",1170,10,87.6205787781351
"755",1170,30,87.7813504823151
"756",1170,100,88.9067524115756
"757",1160,0.01,88.9067524115756
"758",1160,0.03,87.6205787781351
"759",1160,0.1,88.4244372990354
"760",1160,0.3,87.6205787781351
"761",1160,1,87.7813504823151
"762",1160,3,87.6205787781351
"763",1160,10,87.7813504823151
"764",1160,30,89.0675241157556
"765",1160,100,87.7813504823151
"766",1150,0.01,88.4244372990354
"767",1150,0.03,87.6205787781351
"768",1150,0.1,88.7459807073955
"769",1150,0.3,88.1028938906752
"770",1150,1,88.4244372990354
"771",1150,3,88.9067524115756
"772",1150,10,88.9067524115756
"773",1150,30,88.2636655948553
"774",1150,100,88.1028938906752
"775",1140,0.01,88.1028938906752
"776",1140,0.03,87.9421221864952
"777",1140,0.1,86.8167202572347
"778",1140,0.3,88.1028938906752
"779",1140,1,89.0675241157556
"780",1140,3,89.3890675241158
"781",1140,10,88.7459807073955
"782",1140,30,89.0675241157556
"783",1140,100,88.4244372990354
"784",1130,0.01,88.1028938906752
"785",1130,0.03,87.7813504823151
"786",1130,0.1,88.2636655948553
"787",1130,0.3,87.459807073955
"788",1130,1,88.1028938906752
"789",1130,3,86.9774919614148
"790",1130,10,88.2636655948553
"791",1130,30,87.1382636655948
"792",1130,100,88.1028938906752
"793",1120,0.01,87.1382636655948
"794",1120,0.03,87.7813504823151
"795",1120,0.1,88.2636655948553
"796",1120,0.3,87.9421221864952
"797",1120,1,87.7813504823151
"798",1120,3,88.1028938906752
"799",1120,10,89.5498392282958
"800",1120,30,88.5852090032154
"801",1120,100,87.9421221864952
"802",1110,0.01,87.6205787781351
"803",1110,0.03,87.9421221864952
"804",1110,0.1,87.7813504823151
"805",1110,0.3,89.0675241157556
"806",1110,1,87.459807073955
"807",1110,3,88.2636655948553
"808",1110,10,87.7813504823151
"809",1110,30,87.459807073955
"810",1110,100,88.7459807073955
"811",1100,0.01,87.459807073955
"812",1100,0.03,87.9421221864952
"813",1100,0.1,88.4244372990354
"814",1100,0.3,88.4244372990354
"815",1100,1,88.1028938906752
"816",1100,3,87.9421221864952
"817",1100,10,88.1028938906752
"818",1100,30,88.1028938906752
"819",1100,100,86.9774919614148
"820",1090,0.01,87.1382636655948
"821",1090,0.03,87.1382636655948
"822",1090,0.1,87.1382636655948
"823",1090,0.3,86.9774919614148
"824",1090,1,86.3344051446945
"825",1090,3,88.4244372990354
"826",1090,10,86.9774919614148
"827",1090,30,87.7813504823151
"828",1090,100,86.3344051446945
"829",1080,0.01,86.4951768488746
"830",1080,0.03,88.4244372990354
"831",1080,0.1,87.9421221864952
"832",1080,0.3,88.5852090032154
"833",1080,1,87.7813504823151
"834",1080,3,87.2990353697749
"835",1080,10,87.2990353697749
"836",1080,30,87.459807073955
"837",1080,100,87.6205787781351
"838",1070,0.01,88.1028938906752
"839",1070,0.03,88.4244372990354
"840",1070,0.1,88.1028938906752
"841",1070,0.3,87.7813504823151
"842",1070,1,87.9421221864952
"843",1070,3,87.1382636655948
"844",1070,10,88.1028938906752
"845",1070,30,87.7813504823151
"846",1070,100,87.459807073955
"847",1060,0.01,88.2636655948553
"848",1060,0.03,88.7459807073955
"849",1060,0.1,86.4951768488746
"850",1060,0.3,88.4244372990354
"851",1060,1,88.1028938906752
"852",1060,3,86.8167202572347
"853",1060,10,87.2990353697749
"854",1060,30,87.459807073955
"855",1060,100,87.7813504823151
"856",1050,0.01,87.459807073955
"857",1050,0.03,88.4244372990354
"858",1050,0.1,87.459807073955
"859",1050,0.3,87.459807073955
"860",1050,1,87.1382636655948
"861",1050,3,88.4244372990354
"862",1050,10,88.7459807073955
"863",1050,30,88.7459807073955
"864",1050,100,87.459807073955
"865",1040,0.01,87.7813504823151
"866",1040,0.03,86.0128617363344
"867",1040,0.1,87.459807073955
"868",1040,0.3,86.3344051446945
"869",1040,1,86.6559485530547
"870",1040,3,87.6205787781351
"871",1040,10,85.8520900321543
"872",1040,30,86.3344051446945
"873",1040,100,87.6205787781351
"874",1030,0.01,87.7813504823151
"875",1030,0.03,86.6559485530547
"876",1030,0.1,87.1382636655948
"877",1030,0.3,88.4244372990354
"878",1030,1,87.2990353697749
"879",1030,3,87.7813504823151
"880",1030,10,88.2636655948553
"881",1030,30,86.6559485530547
"882",1030,100,87.6205787781351
"883",1020,0.01,87.2990353697749
"884",1020,0.03,86.9774919614148
"885",1020,0.1,87.459807073955
"886",1020,0.3,87.459807073955
"887",1020,1,87.6205787781351
"888",1020,3,87.1382636655948
"889",1020,10,88.1028938906752
"890",1020,30,86.9774919614148
"891",1020,100,88.1028938906752
"892",1010,0.01,87.7813504823151
"893",1010,0.03,87.459807073955
"894",1010,0.1,87.7813504823151
"895",1010,0.3,87.6205787781351
"896",1010,1,87.7813504823151
"897",1010,3,87.459807073955
"898",1010,10,87.1382636655948
"899",1010,30,86.9774919614148
"900",1010,100,87.7813504823151
"901",1000,0.01,87.7813504823151
"902",1000,0.03,88.2636655948553
"903",1000,0.1,85.8520900321543
"904",1000,0.3,87.1382636655948
"905",1000,1,87.2990353697749
"906",1000,3,87.1382636655948
"907",1000,10,86.1736334405145
"908",1000,30,87.9421221864952
"909",1000,100,87.1382636655948
"910",990,0.01,87.7813504823151
"911",990,0.03,87.6205787781351
"912",990,0.1,87.6205787781351
"913",990,0.3,86.9774919614148
"914",990,1,86.1736334405145
"915",990,3,86.0128617363344
"916",990,10,86.9774919614148
"917",990,30,87.1382636655948
"918",990,100,86.3344051446945
"919",980,0.01,86.4951768488746
"920",980,0.03,87.1382636655948
"921",980,0.1,87.1382636655948
"922",980,0.3,88.1028938906752
"923",980,1,87.7813504823151
"924",980,3,87.1382636655948
"925",980,10,87.6205787781351
"926",980,30,88.2636655948553
"927",980,100,87.1382636655948
"928",970,0.01,88.4244372990354
"929",970,0.03,87.1382636655948
"930",970,0.1,87.1382636655948
"931",970,0.3,87.6205787781351
"932",970,1,87.459807073955
"933",970,3,87.2990353697749
"934",970,10,87.2990353697749
"935",970,30,87.459807073955
"936",970,100,87.9421221864952
"937",960,0.01,86.6559485530547
"938",960,0.03,87.1382636655948
"939",960,0.1,87.7813504823151
"940",960,0.3,87.7813504823151
"941",960,1,87.9421221864952
"942",960,3,86.0128617363344
"943",960,10,87.459807073955
"944",960,30,88.4244372990354
"945",960,100,87.2990353697749
"946",950,0.01,87.1382636655948
"947",950,0.03,87.7813504823151
"948",950,0.1,86.9774919614148
"949",950,0.3,88.1028938906752
"950",950,1,87.2990353697749
"951",950,3,87.2990353697749
"952",950,10,86.1736334405145
"953",950,30,86.1736334405145
"954",950,100,86.8167202572347
"955",940,0.01,87.2990353697749
"956",940,0.03,86.9774919614148
"957",940,0.1,87.1382636655948
"958",940,0.3,86.8167202572347
"959",940,1,87.1382636655948
"960",940,3,87.6205787781351
"961",940,10,86.3344051446945
"962",940,30,86.9774919614148
"963",940,100,86.9774919614148
"964",930,0.01,87.6205787781351
"965",930,0.03,87.1382636655948
"966",930,0.1,87.459807073955
"967",930,0.3,87.9421221864952
"968",930,1,86.9774919614148
"969",930,3,87.6205787781351
"970",930,10,87.2990353697749
"971",930,30,87.7813504823151
"972",930,100,86.4951768488746
"973",920,0.01,86.9774919614148
"974",920,0.03,87.2990353697749
"975",920,0.1,86.9774919614148
"976",920,0.3,87.6205787781351
"977",920,1,88.4244372990354
"978",920,3,86.9774919614148
"979",920,10,87.2990353697749
"980",920,30,87.2990353697749
"981",920,100,87.459807073955
"982",910,0.01,87.6205787781351
"983",910,0.03,87.6205787781351
"984",910,0.1,86.1736334405145
"985",910,0.3,86.4951768488746
"986",910,1,86.8167202572347
"987",910,3,87.1382636655948
"988",910,10,88.1028938906752
"989",910,30,87.7813504823151
"990",910,100,86.9774919614148
"991",900,0.01,87.6205787781351
"992",900,0.03,87.459807073955
"993",900,0.1,88.9067524115756
"994",900,0.3,87.459807073955
"995",900,1,88.1028938906752
"996",900,3,86.9774919614148
"997",900,10,87.2990353697749
"998",900,30,87.6205787781351
"999",900,100,87.2990353697749
"1000",890,0.01,88.9067524115756
"1001",890,0.03,86.4951768488746
"1002",890,0.1,86.9774919614148
"1003",890,0.3,86.4951768488746
"1004",890,1,88.2636655948553
"1005",890,3,87.459807073955
"1006",890,10,87.2990353697749
"1007",890,30,86.9774919614148
"1008",890,100,87.2990353697749
"1009",880,0.01,87.7813504823151
"1010",880,0.03,87.6205787781351
"1011",880,0.1,86.3344051446945
"1012",880,0.3,87.459807073955
"1013",880,1,87.7813504823151
"1014",880,3,88.4244372990354
"1015",880,10,88.1028938906752
"1016",880,30,88.2636655948553
"1017",880,100,87.2990353697749
"1018",870,0.01,87.9421221864952
"1019",870,0.03,87.459807073955
"1020",870,0.1,88.1028938906752
"1021",870,0.3,87.6205787781351
"1022",870,1,88.1028938906752
"1023",870,3,87.459807073955
"1024",870,10,87.6205787781351
"1025",870,30,87.459807073955
"1026",870,100,87.459807073955
"1027",860,0.01,87.7813504823151
"1028",860,0.03,86.9774919614148
"1029",860,0.1,88.2636655948553
"1030",860,0.3,86.9774919614148
"1031",860,1,87.2990353697749
"1032",860,3,87.7813504823151
"1033",860,10,88.1028938906752
"1034",860,30,88.1028938906752
"1035",860,100,88.1028938906752
"1036",850,0.01,86.3344051446945
"1037",850,0.03,86.9774919614148
"1038",850,0.1,87.6205787781351
"1039",850,0.3,86.4951768488746
"1040",850,1,87.1382636655948
"1041",850,3,86.6559485530547
"1042",850,10,87.2990353697749
"1043",850,30,87.1382636655948
"1044",850,100,86.8167202572347
"1045",840,0.01,87.6205787781351
"1046",840,0.03,86.1736334405145
"1047",840,0.1,85.6913183279743
"1048",840,0.3,86.3344051446945
"1049",840,1,85.6913183279743
"1050",840,3,86.8167202572347
"1051",840,10,86.4951768488746
"1052",840,30,86.4951768488746
"1053",840,100,87.1382636655948
"1054",830,0.01,86.4951768488746
"1055",830,0.03,87.1382636655948
"1056",830,0.1,86.6559485530547
"1057",830,0.3,86.6559485530547
"1058",830,1,86.6559485530547
"1059",830,3,85.3697749196141
"1060",830,10,87.2990353697749
"1061",830,30,86.8167202572347
"1062",830,100,86.8167202572347
"1063",820,0.01,86.1736334405145
"1064",820,0.03,87.1382636655948
"1065",820,0.1,86.3344051446945
"1066",820,0.3,85.5305466237942
"1067",820,1,86.1736334405145
"1068",820,3,86.4951768488746
"1069",820,10,86.3344051446945
"1070",820,30,86.0128617363344
"1071",820,100,86.1736334405145
"1072",810,0.01,86.0128617363344
"1073",810,0.03,86.1736334405145
"1074",810,0.1,86.4951768488746
"1075",810,0.3,86.1736334405145
"1076",810,1,87.459807073955
"1077",810,3,86.1736334405145
"1078",810,10,87.6205787781351
"1079",810,30,85.2090032154341
"1080",810,100,86.9774919614148
"1081",800,0.01,85.8520900321543
"1082",800,0.03,87.459807073955
"1083",800,0.1,87.1382636655948
"1084",800,0.3,86.6559485530547
"1085",800,1,86.8167202572347
"1086",800,3,86.0128617363344
"1087",800,10,86.6559485530547
"1088",800,30,86.6559485530547
"1089",800,100,86.8167202572347
"1090",790,0.01,87.9421221864952
"1091",790,0.03,86.1736334405145
"1092",790,0.1,85.8520900321543
"1093",790,0.3,86.8167202572347
"1094",790,1,87.459807073955
"1095",790,3,85.6913183279743
"1096",790,10,88.2636655948553
"1097",790,30,86.9774919614148
"1098",790,100,86.8167202572347
"1099",780,0.01,87.1382636655948
"1100",780,0.03,87.6205787781351
"1101",780,0.1,86.9774919614148
"1102",780,0.3,86.9774919614148
"1103",780,1,86.0128617363344
"1104",780,3,86.4951768488746
"1105",780,10,87.1382636655948
"1106",780,30,85.6913183279743
"1107",780,100,86.8167202572347
"1108",770,0.01,87.459807073955
"1109",770,0.03,88.1028938906752
"1110",770,0.1,86.0128617363344
"1111",770,0.3,87.6205787781351
"1112",770,1,86.6559485530547
"1113",770,3,87.1382636655948
"1114",770,10,86.3344051446945
"1115",770,30,86.8167202572347
"1116",770,100,87.459807073955
"1117",760,0.01,88.1028938906752
"1118",760,0.03,87.9421221864952
"1119",760,0.1,87.2990353697749
"1120",760,0.3,86.9774919614148
"1121",760,1,86.4951768488746
"1122",760,3,85.8520900321543
"1123",760,10,88.1028938906752
"1124",760,30,87.6205787781351
"1125",760,100,87.9421221864952
"1126",750,0.01,86.9774919614148
"1127",750,0.03,86.6559485530547
"1128",750,0.1,88.2636655948553
"1129",750,0.3,87.459807073955
"1130",750,1,87.2990353697749
"1131",750,3,87.1382636655948
"1132",750,10,87.6205787781351
"1133",750,30,86.3344051446945
"1134",750,100,86.9774919614148
"1135",740,0.01,86.8167202572347
"1136",740,0.03,86.9774919614148
"1137",740,0.1,86.1736334405145
"1138",740,0.3,88.2636655948553
"1139",740,1,86.0128617363344
"1140",740,3,85.8520900321543
"1141",740,10,86.4951768488746
"1142",740,30,86.4951768488746
"1143",740,100,86.9774919614148
"1144",730,0.01,87.1382636655948
"1145",730,0.03,87.2990353697749
"1146",730,0.1,86.6559485530547
"1147",730,0.3,86.3344051446945
"1148",730,1,87.1382636655948
"1149",730,3,87.6205787781351
"1150",730,10,87.6205787781351
"1151",730,30,86.9774919614148
"1152",730,100,86.9774919614148
"1153",720,0.01,88.7459807073955
"1154",720,0.03,86.8167202572347
"1155",720,0.1,86.8167202572347
"1156",720,0.3,88.2636655948553
"1157",720,1,87.6205787781351
"1158",720,3,87.9421221864952
"1159",720,10,87.459807073955
"1160",720,30,87.1382636655948
"1161",720,100,87.1382636655948
"1162",710,0.01,86.8167202572347
"1163",710,0.03,87.2990353697749
"1164",710,0.1,86.3344051446945
"1165",710,0.3,87.7813504823151
"1166",710,1,86.3344051446945
"1167",710,3,86.4951768488746
"1168",710,10,86.6559485530547
"1169",710,30,86.4951768488746
"1170",710,100,86.4951768488746
"1171",700,0.01,86.6559485530547
"1172",700,0.03,85.8520900321543
"1173",700,0.1,86.3344051446945
"1174",700,0.3,86.6559485530547
"1175",700,1,86.1736334405145
"1176",700,3,86.0128617363344
"1177",700,10,85.8520900321543
"1178",700,30,85.2090032154341
"1179",700,100,86.3344051446945
"1180",690,0.01,85.5305466237942
"1181",690,0.03,86.4951768488746
"1182",690,0.1,86.4951768488746
"1183",690,0.3,86.4951768488746
"1184",690,1,86.6559485530547
"1185",690,3,86.9774919614148
"1186",690,10,86.6559485530547
"1187",690,30,86.0128617363344
"1188",690,100,86.0128617363344
"1189",680,0.01,85.3697749196141
"1190",680,0.03,86.4951768488746
"1191",680,0.1,86.9774919614148
"1192",680,0.3,87.1382636655948
"1193",680,1,87.1382636655948
"1194",680,3,84.887459807074
"1195",680,10,86.8167202572347
"1196",680,30,87.1382636655948
"1197",680,100,86.6559485530547
"1198",670,0.01,86.4951768488746
"1199",670,0.03,86.6559485530547
"1200",670,0.1,86.0128617363344
"1201",670,0.3,86.1736334405145
"1202",670,1,86.8167202572347
"1203",670,3,85.8520900321543
"1204",670,10,86.4951768488746
"1205",670,30,86.0128617363344
"1206",670,100,85.2090032154341
"1207",660,0.01,86.8167202572347
"1208",660,0.03,86.4951768488746
"1209",660,0.1,85.6913183279743
"1210",660,0.3,86.3344051446945
"1211",660,1,84.7266881028939
"1212",660,3,86.8167202572347
"1213",660,10,84.5659163987138
"1214",660,30,85.3697749196141
"1215",660,100,85.6913183279743
"1216",650,0.01,87.2990353697749
"1217",650,0.03,87.459807073955
"1218",650,0.1,86.3344051446945
"1219",650,0.3,85.6913183279743
"1220",650,1,86.3344051446945
"1221",650,3,85.8520900321543
"1222",650,10,86.3344051446945
"1223",650,30,86.6559485530547
"1224",650,100,86.8167202572347
"1225",640,0.01,85.5305466237942
"1226",640,0.03,86.4951768488746
"1227",640,0.1,87.459807073955
"1228",640,0.3,85.5305466237942
"1229",640,1,84.7266881028939
"1230",640,3,84.7266881028939
"1231",640,10,85.3697749196141
"1232",640,30,86.0128617363344
"1233",640,100,85.3697749196141
"1234",630,0.01,88.4244372990354
"1235",630,0.03,85.8520900321543
"1236",630,0.1,86.3344051446945
"1237",630,0.3,85.8520900321543
"1238",630,1,86.3344051446945
"1239",630,3,85.2090032154341
"1240",630,10,87.6205787781351
"1241",630,30,86.8167202572347
"1242",630,100,85.2090032154341
"1243",620,0.01,86.4951768488746
"1244",620,0.03,85.8520900321543
"1245",620,0.1,85.8520900321543
"1246",620,0.3,85.2090032154341
"1247",620,1,84.887459807074
"1248",620,3,86.6559485530547
"1249",620,10,85.8520900321543
"1250",620,30,86.4951768488746
"1251",620,100,85.5305466237942
"1252",610,0.01,86.0128617363344
"1253",610,0.03,86.6559485530547
"1254",610,0.1,85.6913183279743
"1255",610,0.3,86.6559485530547
"1256",610,1,85.048231511254
"1257",610,3,85.5305466237942
"1258",610,10,85.5305466237942
"1259",610,30,85.6913183279743
"1260",610,100,86.6559485530547
"1261",600,0.01,85.8520900321543
"1262",600,0.03,86.4951768488746
"1263",600,0.1,86.0128617363344
"1264",600,0.3,85.6913183279743
"1265",600,1,85.6913183279743
"1266",600,3,85.8520900321543
"1267",600,10,85.3697749196141
"1268",600,30,85.8520900321543
"1269",600,100,85.2090032154341
"1270",590,0.01,87.2990353697749
"1271",590,0.03,87.1382636655948
"1272",590,0.1,85.8520900321543
"1273",590,0.3,87.2990353697749
"1274",590,1,85.2090032154341
"1275",590,3,86.3344051446945
"1276",590,10,86.1736334405145
"1277",590,30,86.9774919614148
"1278",590,100,85.2090032154341
"1279",580,0.01,87.2990353697749
"1280",580,0.03,86.1736334405145
"1281",580,0.1,85.3697749196141
"1282",580,0.3,85.048231511254
"1283",580,1,87.1382636655948
"1284",580,3,86.1736334405145
"1285",580,10,86.1736334405145
"1286",580,30,86.9774919614148
"1287",580,100,85.8520900321543
"1288",570,0.01,86.4951768488746
"1289",570,0.03,86.0128617363344
"1290",570,0.1,86.1736334405145
"1291",570,0.3,85.3697749196141
"1292",570,1,86.0128617363344
"1293",570,3,86.4951768488746
"1294",570,10,86.8167202572347
"1295",570,30,85.3697749196141
"1296",570,100,86.0128617363344
"1297",560,0.01,85.6913183279743
"1298",560,0.03,87.459807073955
"1299",560,0.1,85.5305466237942
"1300",560,0.3,86.8167202572347
"1301",560,1,86.1736334405145
"1302",560,3,85.5305466237942
"1303",560,10,86.4951768488746
"1304",560,30,85.8520900321543
"1305",560,100,85.3697749196141
"1306",550,0.01,86.6559485530547
"1307",550,0.03,86.8167202572347
"1308",550,0.1,86.8167202572347
"1309",550,0.3,86.1736334405145
"1310",550,1,87.1382636655948
"1311",550,3,85.8520900321543
"1312",550,10,85.5305466237942
"1313",550,30,86.3344051446945
"1314",550,100,85.8520900321543
"1315",540,0.01,85.048231511254
"1316",540,0.03,84.7266881028939
"1317",540,0.1,85.2090032154341
"1318",540,0.3,85.3697749196141
"1319",540,1,85.6913183279743
"1320",540,3,83.4405144694534
"1321",540,10,85.3697749196141
"1322",540,30,84.4051446945338
"1323",540,100,84.4051446945338
"1324",530,0.01,86.9774919614148
"1325",530,0.03,85.3697749196141
"1326",530,0.1,84.887459807074
"1327",530,0.3,85.048231511254
"1328",530,1,85.048231511254
"1329",530,3,84.887459807074
"1330",530,10,84.4051446945338
"1331",530,30,84.2443729903537
"1332",530,100,86.0128617363344
"1333",520,0.01,86.9774919614148
"1334",520,0.03,85.5305466237942
"1335",520,0.1,86.6559485530547
"1336",520,0.3,84.5659163987138
"1337",520,1,84.4051446945338
"1338",520,3,85.048231511254
"1339",520,10,84.5659163987138
"1340",520,30,84.5659163987138
"1341",520,100,85.8520900321543
"1342",510,0.01,85.048231511254
"1343",510,0.03,84.887459807074
"1344",510,0.1,84.0836012861736
"1345",510,0.3,83.6012861736334
"1346",510,1,85.6913183279743
"1347",510,3,84.887459807074
"1348",510,10,85.048231511254
"1349",510,30,83.7620578778135
"1350",510,100,85.3697749196141
"1351",500,0.01,85.6913183279743
"1352",500,0.03,84.7266881028939
"1353",500,0.1,85.5305466237942
"1354",500,0.3,85.2090032154341
"1355",500,1,84.887459807074
"1356",500,3,84.887459807074
"1357",500,10,85.5305466237942
"1358",500,30,85.3697749196141
"1359",500,100,84.5659163987138
"1360",490,0.01,86.6559485530547
"1361",490,0.03,85.3697749196141
"1362",490,0.1,85.2090032154341
"1363",490,0.3,85.8520900321543
"1364",490,1,85.6913183279743
"1365",490,3,84.4051446945338
"1366",490,10,84.7266881028939
"1367",490,30,85.3697749196141
"1368",490,100,86.3344051446945
"1369",480,0.01,85.5305466237942
"1370",480,0.03,85.2090032154341
"1371",480,0.1,85.3697749196141
"1372",480,0.3,84.2443729903537
"1373",480,1,85.048231511254
"1374",480,3,85.3697749196141
"1375",480,10,84.7266881028939
"1376",480,30,85.048231511254
"1377",480,100,85.048231511254
"1378",470,0.01,85.3697749196141
"1379",470,0.03,84.7266881028939
"1380",470,0.1,84.7266881028939
"1381",470,0.3,84.7266881028939
"1382",470,1,84.4051446945338
"1383",470,3,83.6012861736334
"1384",470,10,85.2090032154341
"1385",470,30,85.048231511254
"1386",470,100,85.048231511254
"1387",460,0.01,86.1736334405145
"1388",460,0.03,84.0836012861736
"1389",460,0.1,83.9228295819936
"1390",460,0.3,84.5659163987138
"1391",460,1,82.6366559485531
"1392",460,3,84.0836012861736
"1393",460,10,84.4051446945338
"1394",460,30,83.9228295819936
"1395",460,100,84.4051446945338
"1396",450,0.01,85.5305466237942
"1397",450,0.03,83.7620578778135
"1398",450,0.1,84.5659163987138
"1399",450,0.3,83.2797427652733
"1400",450,1,84.2443729903537
"1401",450,3,84.2443729903537
"1402",450,10,83.7620578778135
"1403",450,30,84.0836012861736
"1404",450,100,82.6366559485531
"1405",440,0.01,84.887459807074
"1406",440,0.03,85.3697749196141
"1407",440,0.1,82.6366559485531
"1408",440,0.3,84.5659163987138
"1409",440,1,84.0836012861736
"1410",440,3,83.9228295819936
"1411",440,10,83.9228295819936
"1412",440,30,83.4405144694534
"1413",440,100,84.5659163987138
"1414",430,0.01,86.0128617363344
"1415",430,0.03,84.0836012861736
"1416",430,0.1,85.048231511254
"1417",430,0.3,84.2443729903537
"1418",430,1,82.7974276527331
"1419",430,3,84.4051446945338
"1420",430,10,82.7974276527331
"1421",430,30,83.1189710610932
"1422",430,100,82.7974276527331
"1423",420,0.01,84.7266881028939
"1424",420,0.03,83.9228295819936
"1425",420,0.1,82.475884244373
"1426",420,0.3,83.1189710610932
"1427",420,1,83.7620578778135
"1428",420,3,84.887459807074
"1429",420,10,84.887459807074
"1430",420,30,84.2443729903537
"1431",420,100,83.7620578778135
"1432",410,0.01,85.5305466237942
"1433",410,0.03,83.9228295819936
"1434",410,0.1,83.6012861736334
"1435",410,0.3,83.2797427652733
"1436",410,1,83.2797427652733
"1437",410,3,83.1189710610932
"1438",410,10,84.5659163987138
"1439",410,30,83.2797427652733
"1440",410,100,83.2797427652733
"1441",400,0.01,84.887459807074
"1442",400,0.03,83.6012861736334
"1443",400,0.1,82.475884244373
"1444",400,0.3,82.6366559485531
"1445",400,1,82.6366559485531
"1446",400,3,84.0836012861736
"1447",400,10,82.9581993569132
"1448",400,30,82.3151125401929
"1449",400,100,83.1189710610932
"1450",390,0.01,85.8520900321543
"1451",390,0.03,84.0836012861736
"1452",390,0.1,83.7620578778135
"1453",390,0.3,83.4405144694534
"1454",390,1,81.8327974276527
"1455",390,3,81.6720257234727
"1456",390,10,82.9581993569132
"1457",390,30,82.9581993569132
"1458",390,100,83.9228295819936
"1459",380,0.01,85.3697749196141
"1460",380,0.03,85.048231511254
"1461",380,0.1,81.9935691318328
"1462",380,0.3,84.887459807074
"1463",380,1,81.5112540192926
"1464",380,3,83.7620578778135
"1465",380,10,82.9581993569132
"1466",380,30,81.6720257234727
"1467",380,100,82.475884244373
"1468",370,0.01,85.3697749196141
"1469",370,0.03,85.6913183279743
"1470",370,0.1,83.9228295819936
"1471",370,0.3,84.0836012861736
"1472",370,1,82.6366559485531
"1473",370,3,81.8327974276527
"1474",370,10,81.9935691318328
"1475",370,30,82.7974276527331
"1476",370,100,81.5112540192926
"1477",360,0.01,85.3697749196141
"1478",360,0.03,83.9228295819936
"1479",360,0.1,82.3151125401929
"1480",360,0.3,82.9581993569132
"1481",360,1,82.6366559485531
"1482",360,3,83.4405144694534
"1483",360,10,81.5112540192926
"1484",360,30,82.9581993569132
"1485",360,100,81.5112540192926
"1486",350,0.01,84.5659163987138
"1487",350,0.03,84.4051446945338
"1488",350,0.1,84.2443729903537
"1489",350,0.3,84.0836012861736
"1490",350,1,83.1189710610932
"1491",350,3,81.1897106109325
"1492",350,10,82.475884244373
"1493",350,30,81.9935691318328
"1494",350,100,83.4405144694534
"1495",340,0.01,86.1736334405145
"1496",340,0.03,84.4051446945338
"1497",340,0.1,83.6012861736334
"1498",340,0.3,82.6366559485531
"1499",340,1,81.1897106109325
"1500",340,3,82.1543408360129
"1501",340,10,83.1189710610932
"1502",340,30,81.8327974276527
"1503",340,100,81.9935691318328
"1504",330,0.01,85.8520900321543
"1505",330,0.03,84.0836012861736
"1506",330,0.1,81.9935691318328
"1507",330,0.3,81.3504823151125
"1508",330,1,82.1543408360129
"1509",330,3,81.0289389067524
"1510",330,10,80.7073954983923
"1511",330,30,80.7073954983923
"1512",330,100,82.475884244373
"1513",320,0.01,85.048231511254
"1514",320,0.03,84.2443729903537
"1515",320,0.1,81.8327974276527
"1516",320,0.3,81.6720257234727
"1517",320,1,81.6720257234727
"1518",320,3,82.3151125401929
"1519",320,10,81.9935691318328
"1520",320,30,82.1543408360129
"1521",320,100,82.1543408360129
"1522",310,0.01,85.2090032154341
"1523",310,0.03,83.4405144694534
"1524",310,0.1,82.3151125401929
"1525",310,0.3,80.2250803858521
"1526",310,1,80.8681672025724
"1527",310,3,80.3858520900322
"1528",310,10,79.4212218649518
"1529",310,30,80.3858520900322
"1530",310,100,80.8681672025724
"1531",300,0.01,85.3697749196141
"1532",300,0.03,84.4051446945338
"1533",300,0.1,82.6366559485531
"1534",300,0.3,80.2250803858521
"1535",300,1,79.4212218649518
"1536",300,3,80.2250803858521
"1537",300,10,79.903536977492
"1538",300,30,80.5466237942122
"1539",300,100,81.3504823151125
"1540",290,0.01,85.8520900321543
"1541",290,0.03,84.7266881028939
"1542",290,0.1,81.0289389067524
"1543",290,0.3,80.3858520900322
"1544",290,1,80.8681672025724
"1545",290,3,78.9389067524116
"1546",290,10,80.2250803858521
"1547",290,30,79.5819935691318
"1548",290,100,81.5112540192926
"1549",280,0.01,85.5305466237942
"1550",280,0.03,84.0836012861736
"1551",280,0.1,81.1897106109325
"1552",280,0.3,81.1897106109325
"1553",280,1,80.064308681672
"1554",280,3,79.0996784565916
"1555",280,10,80.064308681672
"1556",280,30,78.9389067524116
"1557",280,100,80.8681672025724
"1558",270,0.01,84.7266881028939
"1559",270,0.03,82.475884244373
"1560",270,0.1,81.3504823151125
"1561",270,0.3,79.4212218649518
"1562",270,1,79.2604501607717
"1563",270,3,77.9742765273312
"1564",270,10,77.491961414791
"1565",270,30,79.7427652733119
"1566",270,100,77.491961414791
"1567",260,0.01,84.887459807074
"1568",260,0.03,83.2797427652733
"1569",260,0.1,81.9935691318328
"1570",260,0.3,79.7427652733119
"1571",260,1,77.0096463022508
"1572",260,3,78.9389067524116
"1573",260,10,79.903536977492
"1574",260,30,80.7073954983923
"1575",260,100,80.064308681672
"1576",250,0.01,82.1543408360129
"1577",250,0.03,83.2797427652733
"1578",250,0.1,79.903536977492
"1579",250,0.3,79.4212218649518
"1580",250,1,78.1350482315112
"1581",250,3,79.0996784565916
"1582",250,10,78.2958199356913
"1583",250,30,76.8488745980707
"1584",250,100,79.4212218649518
"1585",240,0.01,83.7620578778135
"1586",240,0.03,83.2797427652733
"1587",240,0.1,81.6720257234727
"1588",240,0.3,80.8681672025724
"1589",240,1,80.8681672025724
"1590",240,3,78.2958199356913
"1591",240,10,80.5466237942122
"1592",240,30,79.4212218649518
"1593",240,100,77.3311897106109
"1594",230,0.01,84.0836012861736
"1595",230,0.03,82.7974276527331
"1596",230,0.1,82.3151125401929
"1597",230,0.3,80.5466237942122
"1598",230,1,78.4565916398714
"1599",230,3,77.8135048231511
"1600",230,10,79.7427652733119
"1601",230,30,78.4565916398714
"1602",230,100,78.7781350482315
"1603",220,0.01,84.2443729903537
"1604",220,0.03,82.1543408360129
"1605",220,0.1,82.3151125401929
"1606",220,0.3,80.7073954983923
"1607",220,1,79.2604501607717
"1608",220,3,76.5273311897106
"1609",220,10,78.6173633440514
"1610",220,30,79.2604501607717
"1611",220,100,77.6527331189711
"1612",210,0.01,82.7974276527331
"1613",210,0.03,82.3151125401929
"1614",210,0.1,81.8327974276527
"1615",210,0.3,78.9389067524116
"1616",210,1,80.7073954983923
"1617",210,3,77.8135048231511
"1618",210,10,77.0096463022508
"1619",210,30,76.3665594855305
"1620",210,100,75.5627009646302
"1621",200,0.01,81.8327974276527
"1622",200,0.03,83.2797427652733
"1623",200,0.1,82.9581993569132
"1624",200,0.3,79.7427652733119
"1625",200,1,78.4565916398714
"1626",200,3,76.8488745980707
"1627",200,10,75.08038585209
"1628",200,30,76.3665594855305
"1629",200,100,76.8488745980707
"1630",190,0.01,83.1189710610932
"1631",190,0.03,82.6366559485531
"1632",190,0.1,81.9935691318328
"1633",190,0.3,81.5112540192926
"1634",190,1,78.7781350482315
"1635",190,3,77.1704180064309
"1636",190,10,76.8488745980707
"1637",190,30,75.8842443729904
"1638",190,100,74.91961414791
"1639",180,0.01,84.0836012861736
"1640",180,0.03,82.3151125401929
"1641",180,0.1,82.3151125401929
"1642",180,0.3,80.2250803858521
"1643",180,1,80.5466237942122
"1644",180,3,78.6173633440514
"1645",180,10,76.3665594855305
"1646",180,30,77.8135048231511
"1647",180,100,75.08038585209
"1648",170,0.01,83.2797427652733
"1649",170,0.03,83.1189710610932
"1650",170,0.1,82.475884244373
"1651",170,0.3,81.5112540192926
"1652",170,1,79.2604501607717
"1653",170,3,77.8135048231511
"1654",170,10,76.8488745980707
"1655",170,30,75.7234726688103
"1656",170,100,74.7588424437299
"1657",160,0.01,82.3151125401929
"1658",160,0.03,81.6720257234727
"1659",160,0.1,81.9935691318328
"1660",160,0.3,81.0289389067524
"1661",160,1,81.1897106109325
"1662",160,3,79.2604501607717
"1663",160,10,74.91961414791
"1664",160,30,75.4019292604502
"1665",160,100,76.8488745980707
"1666",150,0.01,82.6366559485531
"1667",150,0.03,82.9581993569132
"1668",150,0.1,81.8327974276527
"1669",150,0.3,80.064308681672
"1670",150,1,80.2250803858521
"1671",150,3,79.903536977492
"1672",150,10,77.3311897106109
"1673",150,30,79.2604501607717
"1674",150,100,76.3665594855305
"1675",140,0.01,82.9581993569132
"1676",140,0.03,83.2797427652733
"1677",140,0.1,83.2797427652733
"1678",140,0.3,81.3504823151125
"1679",140,1,81.0289389067524
"1680",140,3,80.3858520900322
"1681",140,10,75.7234726688103
"1682",140,30,77.1704180064309
"1683",140,100,76.8488745980707
"1684",130,0.01,82.3151125401929
"1685",130,0.03,82.475884244373
"1686",130,0.1,81.3504823151125
"1687",130,0.3,82.7974276527331
"1688",130,1,81.1897106109325
"1689",130,3,81.9935691318328
"1690",130,10,80.064308681672
"1691",130,30,78.1350482315112
"1692",130,100,77.6527331189711
"1693",120,0.01,81.9935691318328
"1694",120,0.03,82.475884244373
"1695",120,0.1,81.6720257234727
"1696",120,0.3,82.6366559485531
"1697",120,1,80.5466237942122
"1698",120,3,79.7427652733119
"1699",120,10,79.903536977492
"1700",120,30,78.1350482315112
"1701",120,100,80.2250803858521
"1702",110,0.01,81.3504823151125
"1703",110,0.03,81.8327974276527
"1704",110,0.1,83.1189710610932
"1705",110,0.3,81.9935691318328
"1706",110,1,80.8681672025724
"1707",110,3,81.1897106109325
"1708",110,10,79.5819935691318
"1709",110,30,78.2958199356913
"1710",110,100,78.7781350482315
"1711",100,0.01,82.6366559485531
"1712",100,0.03,82.7974276527331
"1713",100,0.1,81.6720257234727
"1714",100,0.3,81.1897106109325
"1715",100,1,81.6720257234727
"1716",100,3,80.5466237942122
"1717",100,10,80.8681672025724
"1718",100,30,78.6173633440514
"1719",100,100,79.7427652733119
"1720",90,0.01,81.8327974276527
"1721",90,0.03,82.475884244373
"1722",90,0.1,83.4405144694534
"1723",90,0.3,82.9581993569132
"1724",90,1,81.3504823151125
"1725",90,3,78.9389067524116
"1726",90,10,79.5819935691318
"1727",90,30,79.903536977492
"1728",90,100,80.064308681672
"1729",80,0.01,80.7073954983923
"1730",80,0.03,82.475884244373
"1731",80,0.1,82.475884244373
"1732",80,0.3,83.1189710610932
"1733",80,1,81.0289389067524
"1734",80,3,82.7974276527331
"1735",80,10,81.6720257234727
"1736",80,30,81.1897106109325
"1737",80,100,81.1897106109325
"1738",70,0.01,80.2250803858521
"1739",70,0.03,81.6720257234727
"1740",70,0.1,81.9935691318328
"1741",70,0.3,81.8327974276527
"1742",70,1,81.9935691318328
"1743",70,3,82.6366559485531
"1744",70,10,81.5112540192926
"1745",70,30,82.3151125401929
"1746",70,100,80.3858520900322
"1747",60,0.01,79.903536977492
"1748",60,0.03,81.6720257234727
"1749",60,0.1,82.1543408360129
"1750",60,0.3,83.6012861736334
"1751",60,1,83.9228295819936
"1752",60,3,84.4051446945338
"1753",60,10,83.7620578778135
"1754",60,30,83.4405144694534
"1755",60,100,83.4405144694534
"1756",50,0.01,79.903536977492
"1757",50,0.03,81.1897106109325
"1758",50,0.1,82.475884244373
"1759",50,0.3,83.1189710610932
"1760",50,1,82.3151125401929
"1761",50,3,81.5112540192926
"1762",50,10,82.475884244373
"1763",50,30,81.9935691318328
"1764",50,100,82.3151125401929
"1765",40,0.01,79.5819935691318
"1766",40,0.03,79.5819935691318
"1767",40,0.1,80.064308681672
"1768",40,0.3,82.1543408360129
"1769",40,1,79.7427652733119
"1770",40,3,81.0289389067524
"1771",40,10,81.0289389067524
"1772",40,30,80.8681672025724
"1773",40,100,81.5112540192926
"1774",30,0.01,77.491961414791
"1775",30,0.03,79.2604501607717
"1776",30,0.1,79.0996784565916
"1777",30,0.3,78.7781350482315
"1778",30,1,79.5819935691318
"1779",30,3,79.0996784565916
"1780",30,10,79.4212218649518
"1781",30,30,79.0996784565916
"1782",30,100,80.2250803858521
"1783",20,0.01,77.1704180064309
"1784",20,0.03,78.7781350482315
"1785",20,0.1,79.2604501607717
"1786",20,0.3,78.4565916398714
"1787",20,1,78.9389067524116
"1788",20,3,78.2958199356913
"1789",20,10,79.2604501607717
"1790",20,30,78.6173633440514
"1791",20,100,78.2958199356913
"1792",10,0.01,79.0996784565916
"1793",10,0.03,81.3504823151125
"1794",10,0.1,80.064308681672
"1795",10,0.3,79.5819935691318
"1796",10,1,80.2250803858521
"1797",10,3,80.064308681672
"1798",10,10,80.3858520900322
"1799",10,30,79.2604501607717
"1800",10,100,79.4212218649518
